0~499 Day Event,,,,,,,,,,,,,
500~999 Story,,,,,,,,,,,,,
1000~1999 퀘스트보드,,,,,,,,,,,,,
2000~9999 NPC이벤트,,,,,,,,,,,,,
,,,,,,,,,,,,,
"Type(Bubble,Quest)",ID,keyName,index,optionString,mainText_KR,mainText_EN,mainText_JP,,,,Title_KR,Title_EN,Title_JP
,,,,,,,,,,,,,
Bubble,0,Prologue,0,@Camera::Player::Camera,자. 그럼 어떻게 해야하지?,Well- what should I do now?,さて、どうすればいいだろうか？,,,,,,
,,,1,,…………,…………,…………,,,,,,
,,,2,,그 후로 이것저것 알게된건 많지만…,I've learned a lot since then but...,その後、いろいろと分かってきたけど…,,,,,,
,,,3,,어쨌든 핵심은 내가 던전을 조작할 수 있고…,Anyway- the key is that I can control the dungeon and...,とにかく要点は、私がダンジョンを操作できて…,,,,,,
,,,4,,사람들을 많이 오게해서 던전을 키우면 되는거잖아?,I just need to attract more people to grow the dungeon- right?,多くの人を来させてダンジョンを成長させればいいんだよね？,,,,,,
,,,5,,사람이 많이 올수록 마나가 모여서 할 수 있는게 많아지고…,The more people come- the more mana gathers and the more I can do...,人が多く来るほどマナが集まって、できることが増えて…,,,,,,
,,,6,,이런 던전을 누가 올까 싶지만…,I wonder who would come to a dungeon like this but...,こんなダンジョンに誰が来るのかと思うけど…,,,,,,
,,,7,,뭐 일단 하루정도 지켜볼까?,Well- should I observe for a day or so?,まぁ、とりあえず一日ほど様子を見てみようか？,,,,,,
,,,8,,우선 누가 오는지 알아야 대비를 하니까.,First- I need to know who's coming to prepare.,まずは誰が来るか知らないと対策ができないからね。,,,,,,
,,,,,,,,,,,,,
,,,,,,,,,,,,,
Bubble,1,Tutorial_Facility,0,@Camera::Player::Camera,역시 몇몇 약초꾼이랑 광부 정도만 오는구나.,As expected- only a few herbalists and miners are coming.,やっぱり何人かの薬草採りと鉱夫くらいしか来ないんだな。,,,,,,
,,,1,,그럼 그렇지. 뭘 기대한거야.,Of course. What was I expecting?,そりゃそうだよね。何を期待してたんだ。,,,,,,
,,,2,,사실 맨날 이 던전을 다니던 내가 제일 잘 알잖아?,Actually- I who used to come here every day know best-,実際、毎日このダンジョンを巡っていた私が一番よく知ってるじゃないか？,,,,,,
,,,3,,이 던전에 올 이유가 별로 없다는걸…,That there's not much reason to come to this dungeon...,このダンジョンに来る理由があまりないってことを…,,,,,,
,,,4,,………………,………………,………………,,,,,,
,,,5,,그래도 앞으로 이유를 만들어 나가면 되니까!,But from now on- I can create reasons!,でも、これからは理由を作っていけばいいんだから！,,,,,,
,,,6,,일단 약초나 광물부터 만들어보자.,Let's start by creating herbs and minerals.,とりあえず薬草や鉱物から作ってみよう。,,,,,,
,,,7,,어찌 됐건 조금씩은 오긴 하니까.,At least some people are coming anyway.,どうにかして少しずつは来てくれてるしね。,,,,,,
,,,8,,또 할 수 있는 게 있으려나?,Is there anything else I can do?,他に何かできることはあるかな？,,,,,,
,,,9,,시간이 남으면 조각상이나 좀 살펴봐야겠어.,If I have time- I should examine the statues.,時間が余ったら彫像でも少し調べてみようかな。,,,,,,
,,,,,,,,,,,,,
,,,,,,,,,,,,,
Bubble,2,Tutorial_Monster,0,@Camera::Player::Camera,그런데 적긴 해도 모험가들도 올텐데…,But even though they're few- adventurers will come too...,それにしても、少ないとはいえ冒険者たちも来るだろうし…,,,,,,
,,,1,,가끔 있단말이지. 견습 모험가들이.,There are occasionally- you know. Apprentice adventurers.,たまにいるんだよね。見習い冒険者たちが。,,,,,,
,,,2,,탐색이나 보물- 몬스터가 목적인 모험가들은\약초나 광물로 돌려보낼 순 없을 테고.,I can't turn away adventurers looking for exploration- treasure- or monsters\with just herbs and minerals.,探索や宝物、モンスターが目的の冒険者たちは、薬草や鉱物だけでは帰せないだろうし。,,,,,,
,,,3,,역시 몬스터가 필요할지도 모르겠어.,I might need monsters after all.,やっぱりモンスターが必要かもしれないね。,,,,,,
,,,4,,던전의 마나를 사용해서 한 번 소환해보자.,Let's try summoning one using the dungeon's mana.,ダンジョンのマナを使って一度召喚してみよう。,,,,,,
,,,,,,,,,,,,,
,,,,,,,,,,,,,
Bubble,3,Tutorial_Technical,0,@Camera::Technical_A::Camera,,,"Tutorial_Technical , , 0 ,",,,,,,
,,,1,@Camera::Player::Camera,던전에 저런 공간이 있었나?,Was there such a space in the dungeon?,ダンジョンにこんな空間があったかな？,,,,,,
,,,2,,뭔가 유용한 시설을 지을 수 있을 것 같네.,Looks like I could build some useful facilities here.,何か役立つ施設を建てられそうだね。,,,,,,
,,,,,,,,,,,,,
,,,,,,,,,,,,,
Bubble,4,Tutorial_Egg,0,@Camera::Player::Camera,!!,!!,!!,,,,,,
,,,1," @Camera::BasementFloor_3::Camera@Skip::2::Skip",,,,,,,,,
,,,2," @Action::EggEntrance::Action@Skip::2::Skip",,,,,,,,,
,,,3," @Camera::BasementFloor_Egg::Camera@Skip::2::Skip",,,,,,,,,
,,,4," @Action::EggAppear::Action@Skip::2::Skip",,,,,,,,,
,,,5,@Camera::Player::Camera,전이진이 다시 활성화됐네.,The teleportation circle is active again.,転移陣が再び活性化したね。,,,,,,
,,,6,,계속 숨겨져 있었으면 좋았겠지만…,It would've been nice if it stayed hidden but...,ずっと隠れていてくれればよかったんだけど…,,,,,,
,,,7,,아무튼 이 공간을 들키지 않게 조심해야겠어.,Anyway- I need to be careful not to let this space be discovered.,とにかく、この空間を見つからないように気をつけないと。,,,,,,
,,,8,,아무래도 이상하게 생각할테고- 길드에서 조사를 나올수도 있고.,They'll find it strange and the guild might send an investigation.,きっと怪しく思われるだろうし、ギルドから調査が来るかもしれない。,,,,,,
,,,9,,어찌 됐든 계약을 완료하지 못하면 내가 위험하니까…,One way or another- if I don't finish this contract- I'll be in hot water...,どうあれ、契約を完了しないと私が危険だからね…,,,,,,
,,,10,@Action::EggMessage::Action,,,,,,,,,
,,,,,,,,,,,,,
,,,,,,,,,,,,,
Bubble,5,Tutorial_Guild,0,@Camera::Player::Camera,길드에 한번 가볼까?,Should I visit the guild?,ギルドに行ってみようかな？,,,,,,
,,,1,,뭔가 도움이 되는 정보를 얻을 수도 있을 테고.,I might be able to get some helpful information.,何か役立つ情報が得られるかもしれないし。,,,,,,
,,,2,,그렇지만 트러블이 생기지않게 조심하는게 좋겠어.,But I should be careful not to cause any trouble.,でもトラブルが起きないように気をつけたほうがいいね。,,,,,,
,,,3,,혹시 수상하게 생각하는 사람이 있을 수도 있으니.,There might be someone who finds me suspicious.,もしかしたら怪しく思っている人がいるかもしれないから。,,,,,,
,,,,,,,,,,,,,
,,,,,,,,,,,,,
Bubble,6,Tutorial_Orb,0,@Action::Tutorial_Orb::Action,,,,,,,,,
,,,1,,알 주변의 수정에 뭔가 변화가 생긴 것 같아.,Something seems to have changed in the crystals around the egg.,卵の周りの結晶に何か変化があったようだ。,,,,,,
,,,2,,혹시 뭔가 할 수 있는게 있는지 확인해보자.,Let's check if there's anything we can do.,何かできることがあるか確認してみよう。,,,,,,
,,,3,@Action::Tutorial_Orb_Over::Action,,,,,,,,,
,,,,,,,,,,,,,
,,,,,,,,,,,,,
Bubble,33,Day3_Event,0," @Camera::Event_Day3::Camera",여기가 초보자 던전이구나.,So this is the Novice dungeon- huh?,ここが初心者ダンジョンなんだね。,,,,,,
,,,1,,여기라면 나도 몬스터 슬레이어가 될 수 있을거야!,I bet I could become a monster slayer here!,ここなら私もモンスタースレイヤーになれるはず！,,,,,,
,,,2,,보물도 나오면 좋을텐데… 있을까?,It'd be nice if there were treasures too... I wonder if there are any?,宝物も出てくれたらいいんだけど… あるかな？,,,,,,
,,,,,,,,,,,,,
,,,,,,,,,,,,,
Bubble,83,Day8_Event,0," @Camera::Event_Day8::Camera",여기가 그 초보자 던전인가?,Is this the Novice Dungeon?,ここがあの初心者ダンジョンか？,,,,,,
,,,1,,뭐- 나같은 초 슈퍼 루키에게\이정도 던전쯤은 껌이지.,Well- for a super rookie like me-\this level of dungeon is a piece of cake.,まぁ、私のような超スーパールーキーにとって、このくらいのダンジョンはお茶の子さいさいだよ。,,,,,,
,,,2,,빠르게 돌파하고 견습모험가를 졸업하겠어!!,I'll quickly clear it and graduate from being an apprentice adventurer!!,さっさと攻略して、見習い冒険者を卒業してやる！！,,,,,,
,,,,,,,,,,,,,
,,,,,,,,,,,,,
Bubble,84,Day8_Event_Die,0," @Camera::Event_Day8::Camera",뭐야 이 던전은?,What's with this dungeon?,なんだこのダンジョンは？,,,,,,
,,,1,,들은 것 보다 엄청나게 더 위험하잖아?,It's way more dangerous than I heard!,聞いていたよりもずっと危険じゃないか？,,,,,,
,,,2,,뭔가 이상해… 일단 도망쳐야겠어.,Something's not right... I need to escape for now.,何かおかしい… とりあえず逃げないと。,,,,,,
,,,3,"  @Action::Day8_Event_Die::Action @Camera::Player::Camera @Target::Player::Target",……………,……………,……………,,,,,,
,,,4,,돌아갔…나?,Did they go back...?,帰れた…のか？,,,,,,
,,,5,,견습 치고는 상당히 위험한 녀석이였네.,That was quite a dangerous one for an apprentice.,見習いにしてはかなり危険な奴だったな。,,,,,,
,,,6,,혹시 별일은 없겠지? 다시 안오면 좋겠는데…,I hope nothing bad happened? It'd be nice if they don't come back...,もしかして大丈夫だったのかな？ もう来ないでくれるといいんだけど…,,,,,,
,,,,,,,,,,,,,
,,,,,,,,,,,,,
Bubble,85,Day8_ReturnEvent,0," @Camera::Event_Day8::Camera",역시 위험한 일은 없었네,There wasn't any danger after all.,やっぱり危険なことはなかったね。,,,,,,
,,,1," @Action::Day8_ReturnEvent::Action",그래도 들은 것보단 쓸만한 던전이잖아?,It's a more useful dungeon than I heard- isn't it?,聞いたよりは使えるダンジョンじゃない？,,,,,,
,,,2,,가끔은 수련할 겸 와도 되겠어.,Sometimes I could come here for training.,たまには修練のために来てもいいかもね。,,,,,,
,,,,,,,,,,,,,
,,,,,,,,,,,,,
Bubble,90,Goblin_Appear,0,,킁킁…,Sniff sniff…,クンクン…,,,,,,
,,,1,,냄새가 난다…,I smell something…,匂いがする…,,,,,,
,,,2,,풍부한 자원의 냄새…,The smell of rich resources…,豊富な資源の匂い…,,,,,,
,,,3,,던전의 마나의 냄새…,The smell of dungeon mana…,ダンジョンのマナの匂い…,,,,,,
,,,4,,모두… 내꺼다…,All… mine…,全部…俺のものだ…,,,,,,
,,,,,,,,,,,,,
,,,,,,,,,,,,,
Bubble,91,Goblin_Satisfiction,0,"  @Camera::Event_Goblin_Leader::Camera",매우 만족스럽다…,Very satisfying…,非常に満足だ…,,,,,,
,,,1,,하지만 자원 아직도 더 많다…,But there are still more resources…,しかし資源はまだ多くある…,,,,,,
,,,2," ",다시…와야겠다…,I must come back again…,また…来なければ…,,,,,,
,,,3,"  @Action::Goblin_Satisfiction::Action@Camera::Player::Camera @Target::Player::Target",……,……,……,,,,,,
,,,4,,정말로 무지막지한 놈들이잖아?,They're truly ruthless- aren't they?,本当に無茶苦茶な奴らじゃないか？,,,,,,
,,,5,,다행히 마나는 많이 가지고 있는 것 같지만…,Luckily- we seem to have plenty of mana…,幸い、マナはたくさん持っているようだが…,,,,,,
,,,6,,왠지 다음에 또 올 것 같아.,Somehow- I think they'll come back again.,なんだか次もまた来そうだ。,,,,,,
,,,7,,그런데 만약 한 놈이 아니라 여럿이 온다면 큰일이겠어.,But if more come next time- it'll be trouble.,でももし一人ではなく複数が来たら大変だろう。,,,,,,
,,,8,,던전 안쪽까지 오지 못하게 충분한 대비를 하자.,Let's make sure they can't get further into the dungeon.,ダンジョンの奥まで来られないように十分な準備をしよう。,,,,,,
,,,,,,,,,,,,,
,,,,,,,,,,,,,
,,,,,,,,,,,,,
Bubble,92,Goblin_Empty,0," @Camera::Event_Goblin_Leader::Camera",…던전…별 거 없다…,…Dungeon…nothing special…,…ダンジョン…大したことない…,,,,,,
,,,1," @Action::Goblin_Pass::Action",다른 던전… 찾아야 한다…,Must find…another dungeon…,他のダンジョン…見つけなければ…,,,,,,
,,,,,,,,,,,,,
,,,,,,,,,,,,,
Bubble,93,Goblin_Die,0," @Camera::Event_Goblin_Leader::Camera",으윽…,Ugh…,うぐっ…,,,,,,
,,,1," @Action::Goblin_Pass::Action",던전… 위험하다…,Dungeon…dangerous…,ダンジョン…危険だ…,,,,,,
,,,,,,,,,,,,,
,,,,,,,,,,,,,
Bubble,100,Goblin_Party,0,,여기… 자원 많다고 한다…,They say there are many resources here…,ここ…資源が多いと言われている…,,,,,,
,,,1,,동료… 다같이 왔다…,The comrades… have all come together…,仲間たち…みんなで来た…,,,,,,
,,,2,,전부… 우리꺼다…,Everything… is ours…,全部…俺たちのものだ…,,,,,,
,,,,,,,,,,,,,
,,,,,,,,,,,,,
Bubble,140,Catastrophe_Appear,0,,………………………………,………………………………,………………………………,,,,,,
,,,,,,,,,,,,,
,,,,,,,,,,,,,
Bubble,141,Catastrophe_Return,0," @Camera::Event_Catastrophe::Camera",오늘은 여기까지…,That's all for today…,今日はここまで…,,,,,,
,,,,,,,,,,,,,
,,,,,,,,,,,,,
Bubble,142,Catastrophe_Return_First,0," @Camera::Event_Catastrophe::Camera",오늘은 여기까지…,That's all for today…,今日はここまで…,,,,,,
,,,1,"  @Action::Catastrophe_Refeat::Action@Camera::Player::Camera @Target::Player::Target",………………………………,………………………………,………………………………,,,,,,
,,,2,,간신히 돌아갔지만…,We barely made it back…,なんとか戻ってきたけど…,,,,,,
,,,3,,이상하게 마나 생성도 적은 것 같고 쫓아내기 쉽지도 않네.,Oddly- it seems there’s less mana generation- \and it’s not easy to drive them away.,なんだかマナの生成も少ないし、\追い払うのも簡単じゃないね。,,,,,,
,,,4,,보아하니 계속해서 찾아올 것 같은데…,It looks like they might keep coming…,見る限り、ずっと来るような気がするけど…,,,,,,
,,,5,,이대로 가다간 다른 던전들처럼 잠식당해 버릴지도 몰라.,If this continues- \it could end up like the other dungeons- being overtaken.,このままだと他のダンジョンのように侵食されてしまうかもしれない。,,,,,,
,,,6,,무슨 방법이 없을까? \어떻게든 찾아봐야겠어.,Is there no way to handle this? \I need to find a solution somehow.,何か方法がないかな？ \なんとか見つけなければ。,,,,,,
,,,,,,,,,,,,,
,,,,,,,,,,,,,
Bubble,153,Day15_Event,0," @Camera::Event_RetiredHero::Camera",제자가 계속 던전을 가고싶다고 보채길래-\안전한 이 초보자 던전을 보냈었는데,My apprentice kept begging to go to the dungeon-\so I sent them to this safe Novice Dungeon,弟子がしつこくダンジョンに行きたがるので、\安全なこの初心者ダンジョンに送ったんだが,,,,,,
,,,1,,꽤나 큰 상처를 입고 돌아왔단 말이지.,But they came back with quite severe injuries.,かなりの大怪我をして帰ってきたんだ。,,,,,,
,,,2,,분명 내 기억으론 별 거 없는 던전이었을텐데…,I'm sure I remember it being an unremarkable dungeon...,確か私の記憶では大したことのないダンジョンだったはずなんだが…,,,,,,
,,,3,,아무래도 이상해서 조사해보니-\최근들어 강한 몬스터가 나온다거나\귀한 아이템들이 나온다는 소문이 있었지.,It seemed strange so I investigated-\and there were rumors that recently-\strong monsters have appeared or rare items have been found.,どうも様子がおかしいので調べてみると、最近、強いモンスターが出るとか、\珍しいアイテムが出るとかいう噂があったんだ。,,,,,,
,,,4,,아무래도 직접 확인해보고싶어 와버렸군.,I wanted to check it out myself- so I came.,どうしても直接確認してみたくなって来てしまったよ。,,,,,,
,,,5,,뭐- 모험가를 은퇴한 몸이지만 이정도는 괜찮겠지.,Well- although I'm retired as an adventurer- this much should be fine.,まぁ、冒険者を引退した身だけど、この程度なら大丈夫だろう。,,,,,,
,,,6,,과거 영웅소리까지 들었던 이 몸이니.,After all- I was once called a hero.,かつては英雄とまで呼ばれた私だしね。,,,,,,
,,,7,,그럼 가볼까?,Shall we go then?,じゃあ、行ってみようか？,,,,,,
,,,,,,,,,,,,,
,,,,,,,,,,,,,
Bubble,154,Day15_Event_Die,0," @Camera::Event_RetiredHero::Camera",이건 확실히 위험하군.,This is definitely dangerous.,これは確かに危険だ。,,,,,,
,,,1,,아무리 은퇴했다지만 내가 이렇게 고전할 정도라니…,Even for a retired pro like me to struggle this much…,引退したとはいえ、私がこれほど苦戦するとは…,,,,,,
,,,2,,이건 길드에 보고할 필요가 있겠어.,This needs to be reported to the guild.,これはギルドに報告する必要があるな。,,,,,,
,,,3," @Camera::Player::Camera @Target::Player::Target @Action::Hero_Die::Action@",…………………,…………………,…………………,,,,,,
,,,4,,이건 이제 돌이킬 수 없겠는걸.,This is irreversible now.,もう後戻りはできないな。,,,,,,
,,,5,,뭐…… 어쩔 수 없지.,Well... can't be helped.,まあ……仕方ないか。,,,,,,
,,,6,,앞으로는 몬스터와 함정에 더 신경써야겠어.,I'll have to be more careful with monsters and traps from now on.,これからはモンスターと罠にもっと気をつけないと。,,,,,,
,,,7,,그리고 길드에도 더 자주 들러서 정보를 파악하자.,And I should visit the guild more often to gather information.,それにギルドにももっと頻繁に立ち寄って情報を確認しよう。,,,,,,
,,,,,,,,,,,,,
,,,,,,,,,,,,,
Bubble,200,Day20_Event,0," @Camera::A_Warrior::Camera",도착했다. 여기가 퀘스트 장소야.,We've arrived. This is the quest location.,到着した。ここがクエストの場所だ。,,,,,,
,,,1," @Target::A_Elf::Target",뭐? 정말이야?\이런 시시하고 재미도 없어 보이는 던전이라고?,What? Really?\Such a boring and uninteresting looking dungeon?,え？ 本当？ こんなつまらなくて面白くなさそうなダンジョンだって？,,,,,,
,,,2," @Target::A_Warrior::Target",위치상으론 여기가 맞는 것 같긴 한데…\[초보자 던전] 이라는 이름의 던전이라고 하네.,The location seems right...\It's called the [Novice Dungeon].,位置的にはここで合っているようだけど…「初心者ダンジョン」という名前のダンジョンだそうだ。,,,,,,
,,,3," @Target::A_Elf::Target",뭐가 [초보자 던전]이라는 이름의 던전 이라는 거야.\그냥 흔한 뉴비 던전 그 자체잖아!,What's with calling it the [Novice Dungeon]? \It's just your typical newbie dungeon through and through!,何が「初心者ダンジョン」という名前のダンジョンだよ。ただのありふれたニュービーダンジョンじゃないか！,,,,,,
,,,4," @Target::A_Wizard::Target",흐음. 제가 알기로도 별거 없는 던전이었을 텐데-,Hmm. As far as I know- it was supposed to be an unremarkable dungeon-,ふむ。私が知る限りでも大したことのないダンジョンだったはずですが。,,,,,,
,,,5,,그런 곳에 고등급의 퀘스트가 나오다니 꽤 흥미롭네요.,It's quite interesting that a high^grade quest came from such a place.,そんな場所に高等級のクエストが出るなんて、かなり興味深いですね。,,,,,,
,,,6," @Target::A_Tanker::Target",퀘스트 내용은 던전의 전체적인 조사와 위험도의 재측정이다.,The quest content is to survey the entire dungeon and reassess its danger level.,クエストの内容はダンジョンの全体的な調査と危険度の再測定だ。,,,,,,
,,,7,,잘 모르니 조심해야 할 필요가 있어.,We need to be careful since we don't know much.,よく分からないから注意する必要がありそうだ。,,,,,,
,,,8," @Target::A_Elf::Target",조심은 너나 해! 네가 앞에서 맞아주면 되잖아!,You be careful! You can take the hits in front!,注意するのはお前だけにしとけ！ お前が前に立って受け止めればいいんだろ！,,,,,,
,,,9," @Target::A_Tanker::Target",………………,………………,………………,,,,,,
,,,10," @Target::A_Warrior::Target",진정 좀 해.,Calm down a bit.,落ち着けよ。,,,,,,
,,,11,,길드에서도 그냥 고등급의 퀘스트를 걸었을 리도 없고.\아마 무언가 있을 거야.,The guild wouldn't have posted a high^grade quest for no reason.\There must be something.,ギルドだってただ高等級のクエストを出したわけがないだろう。きっと何かあるはずだ。,,,,,,
,,,12," @Target::A_Wizard::Target",제 생각도 그렇습니다.\뭔가 사건이 일어날 것 같아요.,I think so too.\It feels like something's about to happen.,私もそう思います。何か事件が起きそうな気がします。,,,,,,
,,,13," @Target::A_Elf::Target",……뭐 시시하다고 안 들어가려고 한 건 아니야!…,...Well- I wasn't saying I didn't want to go in because it's boring!...,……つまらないからって入らないつもりはなかったよ！…,,,,,,
,,,14,,가면 되잖아! 가면!,Let's just go! Let's go!,行けばいいんだろ！ 行けば！,,,,,,
,,,15," @Target::A_Warrior::Target",그래. 다들 준비 잘하고.,Alright. Everyone- prepare well.,そうだな。みんな準備はしっかりとな。,,,,,,
,,,16,,들어간다!,We're going in!,入るぞ！,,,,,,
,,,,,,,,,,,,,
,,,,,,,,,,,,,
Bubble,201,Day20_Over,0," @Camera::Player::Camera",위험한걸.\저들은 아마 길드에서 유명한 4인조 파티였을 텐데 말이야.,That was dangerous.\They were probably the famous 4^person party from the guild.,危険だったな。あの人たちはたぶんギルドで有名な4人組パーティーだったはずだ。,,,,,,
,,,1,,길드에서 퀘스트를 낸 건가?,Did the guild post the quest?,ギルドがクエストを出したのか？,,,,,,
,,,2,,그런 그들을 쓰러트려 버렸으니 아마 큰 소동이 날 거야.,Since we took them down- there will probably be a big commotion.,そんな彼らを倒してしまったんだから、きっと大騒ぎになるだろう。,,,,,,
,,,3,,계약 기간이 얼마 남지는 않았지만-\그 전에 무슨 일이 벌어질지 모르니 준비를 단단히 해야겠어.,There's not much time left on the contract-\but I need to prepare thoroughly as we don't know what might happen before then.,契約期間はあまり残っていないけど、その前に何が起こるか分からないから、しっかり準備しないとな。,,,,,,
,,,,,,,,,,,,,
,,,,,,,,,,,,,
Bubble,250,Day25_Event,0,"  @Camera::Captine_A::Camera",모두 주목! \지금부터 던전 조사 및 토벌 작전을 개시한다.,Attention everyone! \We will now begin the dungeon investigation and suppression operation.,全員注目！ これからダンジョン調査および討伐作戦を開始する。,,,,,,
,,,1,,행동은 분대 단위로 실시한다.,Actions will be carried out in squad units.,行動は分隊単位で実施する。,,,,,,
,,,2,,첫 분대가 나와 함께 먼저 진입하고\다음 분대가 뒤이어 진입한다.,The first squad will enter with me-\followed by the next squad.,第一分隊が私と一緒に先に進入し、次の分隊が後に続いて進入する。,,,,,,
,,,3,,발견되는 모든 몬스터는 토벌 대상이며-\보물이나 아티팩트가 있을 시 보고한다.,All monsters discovered are targets for suppression-\report any treasures or artifacts if found.,発見されるすべてのモンスターは討伐対象であり、宝物やアーティファクトがある場合は報告する。,,,,,,
,,,4," @Target::Event_Soldier1::Target"," <size=50>예!",<size=50>Yes! Sir!,<size=50>はい！,,,,,,
,,,5," @Target::Captine_B::Target",모두 잘 들었지? \우리는 앞 분대가 진입하고 기다렸다가 진입한다.,Did everyone hear that? \We'll enter after the front squad goes in and waits.,みんな聞いたな？ 我々は前の分隊が進入してから待って進入する。,,,,,,
,,,6,,각자 정비하고 기다리도록.,Everyone prepare and wait.,各自整備して待機するように。,,,,,,
,,,7," @Target::Event_Soldier2::Target"," <size=50>예!",<size=50>Yes! Sir!,<size=50>はい！,,,,,,
,,,8," @Target::Captine_A::Target",그럼- 진입!,Then- enter!,では、進入！,,,,,,
,,,,,,,,,,,,,
,,,,,,,,,,,,,
Bubble,300,Day30_Event,0,"  @Camera::Captine_C::Camera",정렬!,Fall in!,整列！,,,,,,
,,,1,,지난번의 토벌이 실패로 돌아감에 따라\길드로서는 유례없는 큰 손실을 보았다.,Due to the failure of the last suppression-\the guild has suffered an unprecedented large loss.,前回の討伐が失敗に終わったことにより、ギルドとしては前例のない大きな損失を被った。,,,,,,
,,,2,,그것을 만회하기 위해 이번 토벌대가 다시 구성되었다.,To make up for that- this suppression team has been reorganized.,それを取り戻すために、今回の討伐隊が再び編成された。,,,,,,
,,,3,,그 말은 즉- 이번에는 절대로\실패가 용납되지 않는다는 것이다.,In other words- failure is absolutely\not tolerated this time.,つまり、今回は絶対に失敗は許されないということだ。,,,,,,
,,,4,,모두 전력을 다하여 던전의 몬스터 한 마리 한 마리-\풀 한 포기까지 철저히 조사하도록 한다.,Everyone- use all your strength to thoroughly investigate\every single monster in the dungeon- down to the last blade of grass.,全員全力を尽くし、ダンジョンのモンスター一匹一匹、草一本まで徹底的に調査するように。,,,,,,
,,,5,,이상한 장소나 위험한 존재를 발견하면 즉시 보고할 수 있도록.,Be ready to report immediately if you discover any strange places or dangerous entities.,怪しい場所や危険な存在を発見したら直ちに報告できるように。,,,,,,
,,,6," @Camera::Captine_A::Camera@Target::Captine_A::Target"," <size=50>예!",<size=50>Yes! Sir!,<size=50>はい！,,,,,,
,,,7," @Camera::Captine_B::Camera@Target::Captine_B::Target"," <size=50>예!",<size=50>Yes! Sir!,<size=50>はい！,,,,,,
,,,8," @Camera::B_Warrior::Camera@Target::B_Warrior::Target",………,………,………,,,,,,
,,,9," @Target::B_Elf::Target",흥- 그런다고 이 던전을 소탕할 수 있을 거 같아?,Hmph- do you think you can clear this dungeon like that?,ふん、そんなことでこのダンジョンを掃討できると思ってるのか？,,,,,,
,,,10,,어림도 없을걸?,Not a chance!,とんでもないさ。,,,,,,
,,,11," @Target::B_Warrior::Target",지난번에 비해 많이 겸손해졌는걸.\무서우면 안 와도 됐었는데.,You've become much more humble compared to last time.\You didn't have to come if you were scared.,前回に比べてずいぶん謙虚になったじゃないか。怖いなら来なくてもよかったのに。,,,,,,
,,,12," @Target::B_Elf::Target",무서운 거 아니거든?!\그냥 생각했던 것보다 더 위험하다는 것뿐이야.,I'm not scared!\It's just more dangerous than I thought.,怖くなんかないわよ！ただ思っていたよりも危険だってことだけよ。,,,,,,
,,,13,,그리고 길드에서 참고인으로 무조건 가야 한다고-\안 가면 불이익을 준다는데 어떡해! 와야지.,And the guild said I had to come as a witness-\they said there would be disadvantages if I didn't come. So I had to come.,それにギルドから参考人として絶対に来いって、行かないと不利益を与えるって言うのよ。来るしかないでしょ。,,,,,,
,,,14," @Target::B_Warrior::Target",뭐- 그렇게 되면 다른 길드로 가버리면 그만이긴 하지만…,Well- if it comes to that- I could just go to another guild...,まぁ、そうなれば他のギルドに行けばいいだけだけどね…,,,,,,
,,,15,,나머지는 어때?,How about the rest of you?,他の人たちはどう？,,,,,,
,,,16," @Target::B_Wizard::Target",저는 지난번의 복수를 하고 싶군요.,I want to get revenge for last time.,私は前回の復讐をしたいですね。,,,,,,
,,,17,,더욱더 흥미로운 것들이 숨어있을 수도 있을 테고요.,There might be more interesting things hidden too.,さらに面白いものが隠れているかもしれませんし。,,,,,,
,,,18," @Target::B_Tanker::Target",이번엔 파티를 잘 지켜보겠어.,This time- I'll watch the party carefully.,今回はパーティーをよく見守るよ。,,,,,,
,,,19," @Target::B_Elf::Target",어휴- 다들 싸우고 싶어 하는 멍청이들밖에 없네.,Sigh- everyone's just a bunch of idiots who want to fight.,はぁ、みんな戦いたがる馬鹿ばっかりだな。,,,,,,
,,,20,,그래- 가자- 가.,Alright- let's go- go.,そうだな、行こう、行こう。,,,,,,
,,,21,,그래도 이번엔 길드 병사들이 앞장설 테니까-\우린 뒤에서 이득이나 챙기자고.,At least this time- the guild soldiers will lead the way-\so let's just reap the benefits from behind.,でも今回はギルドの兵士たちが先頭を切るはずだから、俺たちは後ろで利益だけ得ようぜ。,,,,,,
,,,22,,위험하면 바로 도망갈 거니까!,If it gets dangerous- we'll run away immediately!,危険になったらすぐに逃げるからな！,,,,,,
,,,23," @Target::B_Warrior::Target",좋아.\다들 이 던전의 위험성은 알 테니-\각자 조심하면서 가자.,Alright.\Everyone should know the dangers of this dungeon-\let's go carefully.,いいだろう。みんなこのダンジョンの危険性は分かっているはずだ。各自気をつけながら行こう。,,,,,,
,,,,,,,,,,,,,
,,,,,,,,,,,,,
Bubble,302,Day30_Over,0," @Camera::Player::Camera@Skip::3::Skip",!!,!!,!!,,,,,,
,,,1,@Skip::3::Skip,드디어 30일인가……,Finally... day 30……,ついに30日目か……,,,,,,
,,,2,@Skip::3::Skip,그럼 과연 무슨일이 일어날지…,I wonder what will happen now...,さて、一体何が起こるのか…,,,,,,
,,,3,@Action::Ending::Action,,,,,,,,,
,,,,,,,,,,,,,
,,,,,,,,,,,,,
Bubble,400,Herbalist0_Appear,0,,가볍게 약초나 캐볼까?,Shall I gather some herbs lightly?,軽く薬草でも採ってみようかな？,,,,,,
,,,1,,별 거 없겠지만- 그래도 여기는 안전하니까.,It's probably nothing special- but at least it's safe here.,大したものはないだろうけど、ここは安全だからね。,,,,,,
,,,,,,,,,,,,,
,,,,,,,,,,,,,
Bubble,401,Miner0_Appear,0,,오늘은 좋은 원석이 있으면 좋겠네.,I hope there are good ores today.,今日はいい原石があるといいな。,,,,,,
,,,1,,그래봤자 흔한 바위뿐이겠지만.,But it's probably just common rocks anyway.,たいしたことないただの岩ばかりだろうけど。,,,,,,
,,,,,,,,,,,,,
,,,,,,,,,,,,,
Bubble,410,Elf_Appear,0,,엘프족인 내가 이런 초라한 던전에 올 줄이야.,To think that I- an elf- would come to such a shabby dungeon.,エルフ族の私がこんな貧相なダンジョンに来るなんてね。,,,,,,
,,,1,,분명 귀한 약초가 나온다는 소문이였지?,There was a rumor that rare herbs could be found- right?,確か貴重な薬草が出るという噂だったよね？,,,,,,
,,,2,,말과 다르기만 해봐! 가만 안둘꺼니까.,If it's different from what I heard- I won't let it slide!,噂と違ってたら許さないからね！,,,,,,
,,,,,,,,,,,,,
,,,,,,,,,,,,,
Bubble,420,Wizard_Appear,0,,이번 던전은 괜찮은 연구 대상이 있으면 좋겠군.,I hope there's a good research subject in this dungeon.,今回のダンジョンには良い研究対象があるといいんだがな。,,,,,,
,,,1,,너무 시시하면 가치가 없으니까 말이야.,It's worthless if it's too trivial- you know.,あまりにもつまらなければ価値がないからな。,,,,,,
,,,,,,,,,,,,,
,,,,,,,,,,,,,
Bubble,501,Opening_1,0,,………………,………………,………………,,,,,,
,,,1,,에휴- 나도 모험다운 모험 좀 하고 싶다.,Sigh- I want to go on a real adventure too.,はぁ… 私も冒険らしい冒険がしたいな。,,,,,,
,,,2,,언제까지 이 던전에서 죽치고 있어야 할까?,How long do I have to stay cooped up in this dungeon?,いつまでこのダンジョンに居座っていなければならないんだろう？,,,,,,
,,,3,,남들은 다들 인기 있는 던전이나 \자원이 넘쳐나는 던전을 다니는데…,Everyone else is going to popular dungeons or\dungeons overflowing with resources...,他の人たちは皆、人気のあるダンジョンや資源が溢れているダンジョンを巡っているのに…,,,,,,
,,,4,,…………뭐- 내가 실력이 없는 걸 누구 탓하겠어.,…………Well- who can I blame for my lack of skill.,…………まぁ、私に実力がないのを誰かのせいにはできないよ。,,,,,,
,,,5,,그래도 이 던전만큼은 빠삭하니까. \…거의 제2의 집이나 다름없달까?,But at least I know this dungeon inside out. \...It's almost like a second home.,でもこのダンジョンだけは熟知しているからね。…ほとんど第二の家も同然だよ？,,,,,,
,,,6,,……………………………,……………………………,……………………………,,,,,,
,,,7,,헛소리 그만하고 짐이나 챙겨서 돌아가자.,Stop talking nonsense and let's pack up and go home.,たわごと言うのはやめて、荷物をまとめて帰ろう。,,,,,,
,,,,,,,,,,,,,
,,,,,,,,,,,,,
Bubble,502,Opening_2,0,,응?,Huh?,ん？,,,,,,
,,,1,,저런 곳에 왜 전이진이…,Why is there a teleportation circle in a place like that...,あんなところになぜ転移陣が…,,,,,,
,,,2,,몇 년을 이 던전을 다니면서 처음 보는걸.,I've been coming to this dungeon \for years and it's the first time I've seen it.,何年もこのダンジョンを巡っていて初めて見たよ。,,,,,,
,,,3,,내가 이 던전에 모르는 곳도 있다니…,To think there's a part of this dungeon I don't know about...,私がこのダンジョンに知らない場所があるなんて…,,,,,,
,,,4,,궁금하니 한 번 가볼까?,I'm curious- should I go check it out?,気になるから一度行ってみようかな？,,,,,,
,,,,,,,,,,,,,
,,,,,,,,,,,,,
Bubble,503,Opening_3,0,,…………………,…………………,…………………,,,,,,
,,,1,,뭔가 이질감이 가득한걸.,It feels so out of place.,なんだか違和感がすごいな。,,,,,,
,,,2,,혹시 다른 던전으로 전이된 게 아닐까?,Did I get teleported to a different dungeon?,もしかして別のダンジョンに転移したのかな？,,,,,,
,,,3,,가끔 그런 전이진도 있다고 들었는데…,I've heard there are sometimes teleportation circles like that...,たまにそういう転移もあるって聞いたけど…,,,,,,
,,,4,,아니- 그치만 초보자 던전에 그런 게 있을 리가?,No- but how could there be such a thing in a Novice Dungeon?,いや、でも初心者ダンジョンにそんなのがあるはずがない？,,,,,,
,,,5,,흠… 앞에 뭔가 쓰여 있는 것 같아.,Hmm... There seems to be something written in front.,ふむ… 前に何か書いてあるみたいだ。,,,,,,
,,,,,,,,,,,,,
,,,,,,,,,,,,,
Bubble,504,Opening_4,0,@Target::Notice::Target,★☆초특급 희귀 찬스☆★,★☆Super Special Rare Chance☆★,★☆超特級レアチャンス☆★,,,,,,
,,,1,,이 던전을 마스터한 당신!!,You who have mastered this dungeon!!,このダンジョンをマスターしたあなた！！,,,,,,
,,,2,,그런 당신에게 주어진 단 한번의 기회!!,A once in a lifetime opportunity given to you!!,そんなあなたに与えられた唯一のチャンス！！,,,,,,
,,,3,,던전의 등급을 A랭크로 올리시면 무려!!,If you raise the dungeon's rank to A- you'll get!!,ダンジョンのランクをAランクに上げれば、なんと！！,,,,,,
,,,4,,이 던전의 소유권을 드립니다!!\절대 다시 없을 행운의 찬스!!,Ownership of this dungeon!!\An absolutely unrepeatable lucky chance!!,このダンジョンの所有権をプレゼント！！\二度とないラッキーチャンス！！,,,,,,
,,,5,,계약하시겠습니까??\<size=10>※거부시 강제 계약,Do you want to make a contract??\<size=10>※Forced contract if refused,契約しますか？？\<size=10>※拒否時は強制契約,,,,,,
,,,6,@Target::Player::Target,……뭐야 이 사기광고같은 설명은?,......What's with this scam^like explanation?,……なんだよ、この詐欺広告みたいな説明は？,,,,,,
,,,7,,아무나 클리어하는 초보자던전에 마스터는 무슨…,Mastering a Novice Dungeon that anyone can clear...,誰でもクリアできる初心者ダンジョンにマスターって何だよ…,,,,,,
,,,8,,그리고 던전에 소유권이란게 있었나?,And since when did dungeons have ownership?,それにダンジョンに所有権なんてあったっけ？,,,,,,
,,,9,,음… 어딘가 입장료를 받는 던전이 있다곤 들었는데…,Hmm... I've heard of dungeons that charge entrance fees somewhere...,うーん… どこかで入場料を取るダンジョンがあるって聞いたけど…,,,,,,
,,,10,,…………진지하게 생각하는게 바보같군.,…………It's foolish to think about this seriously.,…………真面目に考えるのがバカらしいな。,,,,,,
,,,11,,누군가 장난을 쳐놓은건가?,Is this someone's prank?,誰かが悪戯をしたのか？,,,,,,
,,,12,,그치만 이 던전에 이런 공간은 처음봤고…,But I've never seen a space like this in this dungeon before...,でも、このダンジョンにこんな空間は初めて見たし…,,,,,,
,,,13,,누군가 와서 장난친 거라면 내가 모를 리가 없을 텐데…,If someone came to play a prank- I should have known...,誰かが来て悪戯したなら、気づかないはずがないのに…,,,,,,
,,,14,,그보다 뒤쪽의 알은 뭐지?\던전 등급이라는 건 또 뭐고.,More importantly- what's that egg in the back?\And what's this about dungeon rank?,それより後ろの卵は何だ？\ダンジョンランクって何だ。,,,,,,
,,,15,,애초에 내가 어떻게 던전의 등급을 올릴 수 있다는 거야?,How am I supposed to raise the dungeon's rank in the first place?,そもそも俺がどうやってダンジョンのランクを上げられるんだ？,,,,,,
,,,16,,그런 방법이 있다면 진작\이 던전을 좀 더 풍족하게 만들었을 텐데…,If there was such a method-\I would have made this dungeon more prosperous long ago...,そんな方法があったら、とっくに\このダンジョンをもっと豊かにしていたはずだ…,,,,,,
,,,17,@Target::Notice::Target,던전 마스터의 의사를 확인했습니다.,Dungeon Master's intention confirmed.,ダンジョンマスターの意思を確認しました。,,,,,,
,,,18,,던전 마스터의 의사에 따라 계약이 진행됩니다.,Contract will proceed according to the Dungeon Master's intention.,ダンジョンマスターの意思に従い、契約を進めます。,,,,,,
,,,19,,기간은 30일이며 실패시 영혼이 회수됩니다.,The period is 30 days and your soul will be collected upon failure.,期間は30日で、失敗時は魂を回収します。,,,,,,
,,,20,,그럼 화이팅!!,Well then- good luck!!,それでは頑張ってください！！,,,,,,
,,,21,@Target::Player::Target,뭐? 이런 미친. 내가 언제 한다그랬어!!,What? This is crazy. When did I say I'd do it!!,えっ？ こんな狂った。俺はいつやるって言った！！,,,,,,
,,,22,,안돼!!!!!!!!!,No!!!!!!!!!,ダメだ！！！！！！,,,,,,
,,,,,,,,,,,,,
,,,,,,,,,,,,,
Bubble,600,Ending_Demo,0," @Camera::Player::Camera @Skip::2::Skip",!!,!!,！！,,,,,,
,,,1,@Skip::2::Skip,!!!!!!!!!,!!!!!!!!!,！！！！！！！,,,,,,
,,,2,@Skip::2::Skip,!!!!!!!!!!!!!!!,!!!!!!!!!!!!!!!,！！！！！！！！！！！！！！！,,,,,,
,,,,,,,,,,,,,
,,,,,,,,,,,,,
Bubble,700,Ending_Common,0,,마침내 계약했던 30일의 시간이 지났다.,Finally- the 30 days of the contract have passed.,ついに契約していた30日の時間が過ぎた。,,,,,,
,,,1,,던전에 큰 마나의 흐름이 발생했고 방에 있는 알에 모이기 시작했다.,A great flow of mana occurred in the dungeon and began to gather in the egg in the room.,ダンジョンに大きなマナの流れが発生し、部屋にある卵に集まり始めた。,,,,,,
,,,2,,이윽고 알이 흔들리더니 무언가가 깨어났다…,Soon- the egg shook and something awakened...,やがて卵が揺れ始め、何かが目覚めた…,,,,,,
,,,,,,,,,,,,,
,,,,,,,,,,,,,
Bubble,711,Dog_1,0,,알에서 깨어난 것은 왠지 모르게 친근함이 느껴지는 생명체였다.,What hatched from the egg was a creature that felt somehow familiar.,卵から目覚めたのは、どこか親しみを感じる生命体だった。,,,,,,
,,,1,,자신은 던전의 마나로 인해 태어난 존재라고 설명했다.,It explained that it was a being born from the dungeon's mana.,自分はダンジョンのマナによって生まれた存在だと説明した。,,,,,,
,,,2,,앞으로 나를 도와주겠다고 한다.,It says it will help me from now on.,これからは私を助けてくれるそうだ。,,,,,,
,,,,,,,,,,,,,
,,,,,,,,,,,,,
Bubble,712,Dog_2,0,,30일이 지나 계약은 종료되었으나 처음의 계약 내용은 완수하지 못했다.,30 days have passed and the contract has ended- but the initial contract terms were not fulfilled.,30日が過ぎ、契約は終了したが、最初の契約内容は達成できなかった。,,,,,,
,,,1,,그렇지만 표지판에 적혀있던 영혼 회수는 이루어지지 않았다.,However- the soul collection mentioned on the signboard did not take place.,しかし、看板に書かれていた魂の回収は行われなかった。,,,,,,
,,,2,,혹시 처음부터 계약이고 뭐고 아무것도 없었던 걸까?,Perhaps there was no contract or anything from the beginning?,もしかして、最初から契約もなにもなかったのだろうか？,,,,,,
,,,,,,,,,,,,,
,,,,,,,,,,,,,
Bubble,713,Dog_3,0,,그렇지만 30일이라는 시간 동안 내가 던전을 관리할 수 있던 건 사실이었다.,But it's true that I was able to manage the dungeon for 30 days.,しかし、30日という時間の間、私がダンジョンを管理できたのは事実だった。,,,,,,
,,,1,,나는 던전을 관리할 능력을 잃었고- 던전은 다시 평범한 던전으로 돌아갔다.,I lost the ability to manage the dungeon- and the dungeon returned to being an ordinary dungeon.,私はダンジョンを管理する能力を失い、ダンジョンは再び普通のダンジョンに戻った。,,,,,,
,,,2,,그렇게 시간이 지나 점차 다시 평범한 초보자 던전이 되어버렸고-\던전을 찾는 사람들도 거의 없게 될 무렵- 나 또한 던전을 떠났다.,As time passed- it gradually became an ordinary Novice Dungeon again-\and when there were hardly any people visiting the dungeon- I too left the dungeon.,そうして時間が経ち、徐々に再び平凡な初心者ダンジョンになってしまい、\ダンジョンを訪れる人もほとんどいなくなった頃、私もダンジョンを去った。,,,,,,
,,,,,,,,,,,,,
,,,,,,,,,,,,,
Bubble,714,Dog_4,0,,그렇지만 외롭지는 않다. 더 이상 예전처럼 혼자가 아니기 때문이다.,But I'm not lonely. Because I'm no longer alone like before.,でも寂しくはない。もう以前のように一人じゃないからだ。,,,,,,
,,,1,,지금 내 옆에는 나의 가장 친한 친구이자 동행자이자 믿을 수 있는 동료가 함께한다.,Now- beside me- is my best friend- companion- and trustworthy comrade.,今、私の隣には私の最も親しい友であり、同行者であり、信頼できる仲間がいる。,,,,,,
,,,2,,나는 꿈꿔왔던 모험을 향해서 오늘도 발을 내디딘다. 언제까지고…,I take another step towards the adventure I've been dreaming of today. Forever...,私は夢見てきた冒険に向かって、今日も一歩を踏み出す。いつまでも…,,,,,,
,,,,,,,,,,,,,
,,,,,,,,,,,,,
Bubble,990,Expansion_4,0," @Camera::Player::Camera@Skip::2::Skip@Fade::0::Fade",!!,!!,！！,,,,,,
,,,1," @Action::Entrance_Move_2to4::Action@Skip::10::Skip",,,,,,,,,
,,,2,@Camera::Player::Camera,이 공간으로 통하는 전이진의 위치가 바뀐 건가?,Has the location of the teleportation circle leading to this space changed?,この空間につながる転移門の位置が変わったのか？,,,,,,
,,,3,,아무래도 던전이 확장되어서 그런 것 같은데…,I guess it's because the dungeon expanded...,どうやらダンジョンが拡張されたせいのようだ…,,,,,,
,,,4,,그렇다면 이건 꽤 좋은 소식이야.,If so- this is quite good news.,だとしたら、これはかなり良いニュースだ。,,,,,,
,,,5,,계속해서 던전을 확장해 나가면 \이 공간을 들킬 위험 또한 줄어들 테니까.,As we continue to expand the dungeon-\the risk of this space being discovered will also decrease.,ダンジョンを拡張し続ければ、\この空間が見つかるリスクも減るだろうからな。,,,,,,
,,,,,,,,,,,,,
,,,,,,,,,,,,,
Bubble,1000,Quest_0,0," @Target::Player::Target@Pos::Down::Pos",지금은 정보를 얻을만한 퀘스트가 없네.,There are no quests available for gathering information right now.,今は情報を得られそうなクエストがないな。,,,,,,
,,,,,,,,,,,,,
,,,,,,,,,,,,,
Bubble,1001,Quest_1,0," @Target::Player::Target @Pos::Down::Pos@Option::1000::Option",무언가 우리 던전에 대한 퀘스트가 있는 것 같아.,It seems there might be a quest about our dungeon.,何か我々のダンジョンについてのクエストがあるようだ。,,,,,,
,,,,,,,,,,,,,
,,,,,,,,,,,,,
Bubble,1010,Quest_10,0," @Target::Player::Target @Pos::Down::Pos",여기서 퀘스트를 확인할 수 있었지.,I could check quests here.,ここでクエストを確認できたんだ。,,,,,,
,,,1,,지금은 모험가로서 퀘스트는 의미가 없어.,As a dungeon master- adventurer quests are meaningless now.,今は冒険者としてのクエストに意味はないけどね。,,,,,,
,,,2,,하지만 우리던전에 대한 퀘스트가\등록돼있다면 알아둬서 나쁠 건 없겠지.,But if there are quests registered about our dungeon-\it wouldn't hurt to know.,でも、我々のダンジョンに関するクエストが\登録されているなら、知っておいて損はないだろう。,,,,,,
,,,,,,,,,,,,,
,,,,,,,,,,,,,
Quest,1100,Quest_100,0,@Action::1100::Action,※긴급 토벌 퀘스트\\목표 대상 : 초보자 던전의 변이 슬라임,※Emergency Subjugation Quest\\Target : Mutated Slime in the Novice Dungeon,※緊急討伐クエスト\\目標対象：初心者ダンジョンの変異スライム,,,,초보자 던전의 슬라임,Slime of the Novice Dungeon,初心者ダンジョンのスライム
,,,1,,초보자 던전에 비정상적으로 강한 슬라임 개체가 등장했다는 소문이 돌고 있습니다.,Rumors are circulating about the appearance of abnormally strong slimes in the Novice Dungeon.,初心者ダンジョンに異常に強いスライムの個体が出現したという噂が広まっています。,,,,,,
,,,2,,처음에는 가벼운 소문이라 생각하여 무시했으나- 실제 피해사례가 보고되고 있어 급하게 긴급 토벌 퀘스트를 발령합니다.,At first- we ignored it as a light rumor- but as actual damage reports are coming in- we are urgently issuing an emergency subjugation quest.,初めは軽い噂だと思って無視していましたが、実際の被害事例が報告されているため、急遽緊急討伐クエストを発令します。,,,,,,
,,,3,,장소 : 초보자던전\특이사항 : 평범한 슬라임의 생김새이지만 비정상적으로 강하다고 함.\주의 필요.,Location : Novice Dungeon\Special Note : Looks like a normal slime but is abnormally strong.\Caution needed.,場所：初心者ダンジョン\特記事項：普通のスライムの姿をしているが、異常に強いとのこと。\注意が必要。,,,,,,
,,,,,,,,,,,,,
,,,,,,,,,,,,,
Quest,1101,Quest_101,0,@Action::1101::Action,※희귀 몬스터 정보\\대상 : 어스골렘,※Rare Monster Information\\Target : Earth Golem,※レアモンスター情報\\対象：アースゴーレム,,,,어스 골렘의 핵,Earth Golem's Core,アースゴーレムのコア
,,,1,,초보자 던전에 성체급 어스골렘이 목격되었습니다.,An adult^level Earth Golem has been sighted in the Novice Dungeon.,初心者ダンジョンで成体級のアースゴーレムが目撃されました。,,,,,,
,,,2,,골렘의 핵은 원소술사들에게 꼭 필요한 물질이며- 연금술사들도 없어서 못구하는 재료입니다.,Golem cores are essential materials for elemental magicians- and alchemists can't get enough of them.,ゴーレムの核は元素術師たちに必要不可欠な物質であり、錬金術師たちも手に入れられずに困っている材料です。,,,,,,
,,,3,,지나친 골렘의 남획으로 인해 골렘의 핵 수급이 어려운 현재 매우 고가에 거래되고 있는 상황입니다.\\길드에서도 비싼값에 매입하고 있으므로 획득하게 되신다면 길드를 찾아주세요.,Due to excessive golem hunting- golem cores are currently being traded at very high prices.\\The guild is also buying them at high prices- so please visit the guild if you obtain any.,過度なゴーレムの乱獲により、ゴーレムの核の供給が難しくなっている現在、非常に高値で取引されています。\\ギルドでも高値で買い取っているので、入手された場合はギルドを訪ねてください。,,,,,,
,,,,,,,,,,,,,
,,,,,,,,,,,,,
Quest,1140,Quest_140,0," @Day::15::Day@",초보자 던전에 위험이 다가오고 있다.\대비가 필요하다.,Danger is approaching the beginner's dungeon. \Preparation is needed.,初心者ダンジョンに危険が迫っている。\対策が必要だ。,,,,던전의 재앙,Catastrophe of the Dungeon,ダンジョンの災厄
,,,,,,,,,,,,,
,,,,,,,,,,,,,
Quest,1141,Quest_141,0,,계속해서 재앙이 찾아온다. \해결 할 방법을 찾자.,Disasters keep coming. \Find a way to resolve them.,災害が続けて訪れている。\解決方法を見つけよう。,,,,지속되는 재앙,The catastrophe continues,続く災厄
,,,,,,,,,,,,,
,,,,,,,,,,,,,
Quest,1150,Quest_150,0," @Day::12::Day@",고블린이 분명 다시 올 것 같다.\\던전이 위험해질 수도 있으니 단단히 준비하자!,The goblins will definitely come back. \Prepare well as the dungeon might become dangerous!,ゴブリンが確実に再び来るようだ。\ダンジョンが危険になるかもしれないので、しっかり準備しよう！,,,,고블린의 재방문,Goblin Revisited,ゴブリンの再訪
,,,,,,,,,,,,,
,,,,,,,,,,,,,
Quest,1151,Quest_151,0," @Day::10::Day@",은퇴한 영웅이 던전에 방문할 계획을 세우고 있다.\\던전이 격파당하지 않도록 단단히 준비하자!,A retired hero is planning to visit the dungeon. \Prepare thoroughly to ensure the dungeon is not defeated!,引退した英雄がダンジョンを訪れる計画を立てている。\ダンジョンが破壊されないようにしっかり準備しよう！,,,,은퇴한 영웅,Retired Heroes,引退した英雄
,,,,,,,,,,,,,
,,,,,,,,,,,,,
Bubble,2000,Staff_A_0,0,,안녕하세요. 길드에는 어떤 용무로 오셨나요?,Hello. What brings you to the guild?,こんにちは。ギルドには何のご用でしょうか？,,,,,,
,,,,,,,,,,,,,
,,,,,,,,,,,,,
Bubble,2001,Staff_A_1,0,@Option::2000::Option,안녕하세요. 길드에는 어떤 용무로 오셨나요?,Hello. What brings you to the guild?,こんにちは。ギルドには何のご用でしょうか？,,,,,,
,,,,,,,,,,,,,
,,,,,,,,,,,,,
Bubble,2100,Staff_A_100,0," @Target::Player::Target @Pos::Down::Pos",최근에 초보자 던전에 좋은 약초가 나온다는 소문이……,Recently- there's a rumor about good herbs appearing in the Novice Dungeon......,最近、初心者ダンジョンに良い薬草が出るという噂が……,,,,던전 홍보,Dungeon Promotion,ダンジョン広報
,,,1," @Action::2100::Action",꽤나 강한 몬스터가 있어서 애먹고 있는……,There's quite a strong monster causing trouble......,かなり強いモンスターがいて苦労しているとか……,,,,,,
,,,2," @Target::Staff_A::Target @Pos::Up::Pos ",정보 감사합니다. 전달 해 놓겠습니다.,Thank you for the information. I'll pass it on.,情報ありがとうございます。伝えておきます。,,,,,,
,,,,,,,,,,,,,
,,,,,,,,,,,,,
Bubble,2101,Staff_A_101,0," @Target::Player::Target @Pos::Down::Pos",혹시 최근에 들려오는 쓸만한 정보는 없나요?,Is there any useful information going around recently?,もしかして、最近聞こえてくる使えそうな情報はありませんか？,,,,소식 묻기,Ask for News,ニュースの問い合わせ
,,,1," @Target::Staff_A::Target@Pos::Up::Pos",음… 지금은 딱히 없네요.,Hmm... Nothing in particular right now.,うーん… 今のところ特にないですね。,,,,,,
,,,2,,좌측에 게시판도 한번 확인해 보세요.,Please check the bulletin board on the left as well.,左側の掲示板も一度確認してみてください。,,,,,,
,,,,,,,,,,,,,
,,,,,,,,,,,,,
Bubble,3000,Staff_B_0,0,,용무가 있으시면 오른쪽 직원에게 봐주세요.,If you have any business- please see the staff on the right.,用件がありましたら右側の職員にお聞きください。,,,,,,
,,,,,,,,,,,,,
,,,,,,,,,,,,,
Bubble,3010,Staff_B_10,0,,안녕하세요. 길드에서는 모험가분들에게\도움이 될만한 것들을 제공합니다.,Hello. The guild provides things that can be helpful to adventurers.,こんにちは。ギルドでは冒険者の皆様に\お役立ちそうなものを提供しています。,,,,,,
,,,,,,,,,,,,,
,,,,,,,,,,,,,
Bubble,3014,Staff_B_14,0," @Action::1140::Action",혹시 지금 던전에 가시나요?,Are you heading to the dungeon now?,今、ダンジョンに行く予定ですか？,,,,,,
,,,1," @Target::Player::Target @Pos::Down::Pos",네? 음… 아마도요?,Huh? Well… maybe?,え？うーん…おそらくです。,,,,,,
,,,2," @Target::Staff_B::Target@Pos::Up::Pos",그럼 조심하셔야 해요.,Then you should be careful.,それなら気をつけてくださいね。,,,,,,
,,,3," @Target::Player::Target @Pos::Down::Pos",초보자 던전에 조심할 게 있나요?,Is there anything to watch out for in the Novice dungeon?,初心者用ダンジョンで注意すべきことはありますか？,,,,,,
,,,4," @Target::Staff_B::Target@Pos::Up::Pos",급하게 다른 길드를 통해서 들어온 정보인데요.,I received urgent information through another guild.,別のギルドを通じて急遽入ってきた情報なんですが。,,,,,,
,,,5,,최근 들어 초심자용 던전에 \매우 위험한 생명체가 나타난다고 해요.,Recently- there have been reports of extremely \dangerous creatures appearing in beginner dungeons.,最近、初心者用ダンジョンに非常に危険な生物が現れるとのことです。,,,,,,
,,,6,,심지어 모험가와 몬스터- 자원 등을 \가리지 않고 모두 파괴한다고 하네요.,They reportedly destroy everything- \regardless of adventurers- monsters- or resources.,冒険者やモンスター、資源など、\すべてを破壊すると報告されています。,,,,,,
,,,7," @Target::Player::Target @Pos::Down::Pos",그건 좀 위험하겠네요.,That sounds pretty dangerous.,それはかなり危険ですね。,,,,,,
,,,8,,혹시 대처 방법은 없나요?,Is there any way to deal with them?,何か対処方法はありませんか？,,,,,,
,,,9," @Target::Staff_B::Target@Pos::Up::Pos",글쎄요…,Well…,うーん…,,,,,,
,,,10,,아직까진 제대로 싸워보지도 못하고 \간신히 도망쳤다는 보고밖에 없습니다.,So far- all we have are reports of people \barely escaping without properly fighting.,現在のところ、まともに戦うこともできず、\なんとか逃げたという報告しかありません。,,,,,,
,,,11,,아- 그리고 그 생명체가 나타난 뒤의 던전은…,Oh- and after these creatures appeared- the dungeon…,あと、その生物が現れた後のダンジョンは…,,,,,,
,,,12,,마나가 완전히 고갈돼 버렸다고 해요.,Apparently- the mana has been completely depleted.,マナが完全に枯渇したとのことです。,,,,,,
,,,13," @Target::Player::Target @Pos::Down::Pos",그런 일이 가능한가요?,Is that even possible?,そんなことが可能なのですか？,,,,,,
,,,14," @Target::Staff_B::Target@Pos::Up::Pos",저도 보고가 온대로 전달해 드릴 뿐이라 자세히는 몰라요.,I only relay what I've been told- \so I don't know the details.,私も報告を伝えるだけなので、詳細はわかりません。,,,,,,
,,,15,,아무튼 알려드렸으니 조심하세요.,Anyway- I've informed you- so please be careful.,とにかく、お知らせしたので気をつけてください。,,,,,,
,,,16," @Target::Player::Target @Pos::Down::Pos",감사합니다.,Thank you.,ありがとうございます。,,,,,,
,,,17,,(…사실이라면 큰일인걸? 뭔가 큰일이 생길 것 같아.),(…If it's true- it’s a big problem. \It feels like something major is going to happen.),(…本当なら大変だな。何か大きな問題が起こりそうだ。),,,,,,
,,,18,,(내가 할 수 있는 게 있을까?),(Is there anything I can do?),(私にできることはあるかな？),,,,,,
,,,19,,(…최대한 대비해 보자.),(…I should prepare as much as possible.),(…できるだけ準備しておこう。),,,,,,
,,,,,,,,,,,,,
,,,,,,,,,,,,,
,,,,,,,,,,,,,
Bubble,4000,Heroine_0,0,,……,……,……,,,,,,
,,,,,,,,,,,,,
,,,,,,,,,,,,,
Bubble,4010,Heroine_10,0," @Reserve::2:4020::Reserve",뭐야. 볼 일 없으면 <size=40>꺼져.,What. If you have no business- <size=40>get lost.,なんだよ。用がないなら<size=40>消えろ。,,,,,,
,,,,,,,,,,,,,
,,,,,,,,,,,,,
Bubble,4020,Heroine_20,0," @Pos::Down::Pos",……,……,……,,,,,,
,,,1," @Target::Player::Target @Pos::Up::Pos",……,……,……,,,,,,
,,,2," @Target::Heroine::Target @Pos::Down::Pos",……,……,……,,,,,,
,,,3," @Target::Player::Target @Pos::Up::Pos",……,……,……,,,,,,
,,,4," @Target::Heroine::Target @Pos::Down::Pos",거기. 너.,There. You.,そこのあんた。,,,,,,
,,,5,,쳐다보지만 말고 말을 해.,Don't just stare- say something.,見つめるだけじゃなくて話しなさいよ。,,,,,,
,,,6," @Target::Player::Target @Pos::Up::Pos",아- 안녕하세요.,Ah- hello.,あ、こんにちは。,,,,,,
,,,7," @Target::Heroine::Target @Pos::Down::Pos",이제 와서?,Now you speak?,今さら？,,,,,,
,,,8," @Target::Player::Target @Pos::Up::Pos",어- 그게 왠지 말 걸면 안 될 것 같아서요.,Um- I felt like I shouldn't talk to you.,え、それが何となく話しかけちゃいけない気がして…,,,,,,
,,,9," @Target::Heroine::Target @Pos::Down::Pos",무슨 바보 같은 소리야?,What nonsense are you saying?,なんてバカなこと言ってんの？,,,,,,
,,,10,,…어휴- 됐다.,...Sigh- forget it.,…はぁ、いいわ。,,,,,,
,,,11,,그보다 너- 혹시 초보자 던전에 대해서 잘 알아?,More importantly- \do you know much about the Novice Dungeon?,それより、あんた、もしかして初心者ダンジョンについてよく知ってる？,,,,,,
,,,12," @Target::Player::Target @Pos::Up::Pos",아- 네. 자주 다녀요.,Ah- yes. I go there often.,あ、はい。よく行きます。,,,,,,
,,,13," @Target::Heroine::Target @Pos::Down::Pos",하긴- 너같이 초보 같아 보이는 모험가에겐 선택지가 별로 없겠지.,Well- I guess someone who looks like \a novice like you doesn't have many options.,まあ、あんたみたいな初心者っぽい冒険者には選択肢が少ないでしょうね。,,,,,,
,,,14," @Target::Player::Target @Pos::Up::Pos",……,......,……,,,,,,
,,,15," @Target::Heroine::Target @Pos::Down::Pos",그럼 혹시 최근에 소문에 대해서 아는 거 있어?,Then do you know anything about the recent rumors?,じゃあもしかして、最近聞こえてくる噂について知ってることある？,,,,,,
,,,16," @Target::Player::Target @Pos::Up::Pos",무슨 소문이요?,What rumors?,どんな噂ですか？,,,,,,
,,,17," @Target::Heroine::Target @Pos::Down::Pos",초보자 던전에 강한 몬스터가 나온다든가- \귀한 아티팩트가 나온다든가 하는 소문 말이야.,Rumors about strong monsters appearing in the Novice Dungeon-\or rare artifacts being found.,初心者ダンジョンに強いモンスターが出るとか、\珍しいアーティファクトが出るとかいう噂よ。,,,,,,
,,,18," @Target::Player::Target @Pos::Up::Pos",음… 잘 모르겠네요.,Hmm... I'm not sure.,うーん… よく分かりませんね。,,,,,,
,,,19,,아- 확실히 난이도가 조금은 올라갔을지도? \귀한 약초가 나온 것 같기도 하고?,Ah- the difficulty might have increased a bit?\Maybe some rare herbs have appeared?,あ、確かに難易度が少し上がったかも？ \珍しい薬草が出たような気もするし？,,,,,,
,,,20," @Target::Heroine::Target @Pos::Down::Pos",올라갔다는 거야- 아니라는 거야.,Did it increase or not?,上がったって言ってんの、違うって言ってんの。,,,,,,
,,,21,,말 좀 똑바로 해줄래?,Can you speak clearly?,はっきり言ってくれない？,,,,,,
,,,22," @Target::Player::Target @Pos::Up::Pos",그게… 사실 잘 몰라서요. 깊은 곳까진 가보지 않아서…,Well... I don't really know. I haven't gone to the deeper parts...,それが… 実はよく分からなくて。奥深くまでは行ってないので…,,,,,,
,,,23," @Target::Heroine::Target @Pos::Down::Pos",어휴- 됐다. 너 같은 초보자한테 물어본 내가 잘못이지.,Sigh- forget it. It's my fault for asking a novice like you.,はぁ、いいわ。あんたみたいな初心者に聞いた私が悪かったわ。,,,,,,
,,,24,,이제 됐으니 저리 꺼져.,That's enough- get lost.,もういいから、あっち行ってよ。,,,,,,
,,,25," @Target::Player::Target @Pos::Up::Pos",……,……,……,,,,,,
,,,,,,,,,,,,,
,,,,,,,,,,,,,
Bubble,5000,Odd_0,0,,아- 안녕하세요.,Ah- hello.,あ、こんにちは。,,,,,,
,,,,,,,,,,,,,
,,,,,,,,,,,,,
Bubble,6000,Even_0,0,,꼭 퀘스트가 아니더라도 길드는 휴식의 공간이기도 하지.,Even if it's not for a quest- the guild is also a place for rest.,クエストじゃなくても、ギルドは休憩の場所でもあるんだよ。,,,,,,
,,,,,,,,,,,,,
,,,,,,,,,,,,,
Bubble,9000,Hunter_Slime,0,@Camera::Hunter_Slime::Camera,흠. 토벌 대상은… 슬라임?,Hmmm. The target is... slimes?,ふむ。討伐対象は… スライム？,,,,,,
,,,1,,슬라임에 현상금이라니- 어이가 없구만.,A bounty on a slime- that's ridiculous.,スライムに懸賞金とは、呆れるな。,,,,,,
,,,2,,얼른 처치하고 술이나 마시러 가야겠어.,I'm going to make a quick kill and go get a drink.,さっさと処理して酒でも飲みに行くか。,,,,,,
,,,,,,,,,,,,,
,,,,,,,,,,,,,
Bubble,9001,Hunter_EarthGolem,0,@Camera::Hunter_EarthGolem::Camera,여긴가? 최근에 어스골렘이 목격됐다는 곳이.,Is this the place? Where they say an earth golem was spotted recently.,ここか？ 最近アースゴーレムが目撃されたという場所は。,,,,,,
,,,1,,부르는 게 값이라던데… 제일 먼저 찾아서 한몫 챙겨야겠군.,You get what you pay for- they say... \Gotta be the first to find it and cash in big time.,呼べば値がつくとか… 一番先に見つけて一儲けしなきゃな。,,,,,,
,,,,,,,,,,,,,
,,,,,,,,,,,,,
Bubble,15000,RetiredHero_0,0," @Target::RetiredHero::Target",나도 이제 늙었구만…,I'm getting old...,俺も歳をとったか...。,,,,,,
,,,,,,,,,,,,,
,,,,,,,,,,,,,
Bubble,15010,RetiredHero_10,0," @Action::1151::Action@Target::Player::Target",안녕하세요. 뭘 하고 계시는가요?,Hello. What are you doing?,こんにちは。何をしているのですか？,,,,,,
,,,1," @Target::RetiredHero::Target",음? 초보 모험가인가.,Hmm? A novice adventurer- I see.,うーん？初心者の冒険者ですか。,,,,,,
,,,2,,보다시피 몸을 좀 풀고 있다네.,Just stretching a bit- as you can see.,ご覧の通り、体を少しほぐしているのです。,,,,,,
,,,3," @Target::Player::Target",네? 과거에 영웅으로 활동하셨던 분이 갑자기 왜…,Huh? Why is a former hero suddenly here…,え？かつて英雄として活動していた方が突然どうして…,,,,,,
,,,4," @Target::RetiredHero::Target",오- 나를 아는가?,Oh- You recognize me?,おお- 私を知っているのですか？,,,,,,
,,,5,,아직까지 기억하는 모험가가 남아있을 줄이야.,I didn't think any adventurers would remember me.,まだ覚えている冒険者がいるとは思いませんでした。,,,,,,
,,,6," @Target::Player::Target",모를리가요. \제가 동경하던 모험가 중 한 분이셨습니다.,How could I not? \You were one of the heroes I admired.,知らないわけがありません。\あなたは私が憧れていた英雄の一人ですから。,,,,,,
,,,7," @Target::RetiredHero::Target",헛헛- 사람을 기분 좋게 하는 재주가 있구먼.,Haha- I do have a knack for making people feel good.,はは- 人を喜ばせる才能があるようですね。,,,,,,
,,,8," @Target::Player::Target",그러고 보니 무슨 일로 길드에 계신 건가요?,By the way- what brings you to the guild?,そういえば、何でギルドにいらっしゃるのですか？,,,,,,
,,,9," @Target::RetiredHero::Target",어디보자… \자네 혹시 초보자 던전이라고 아는가?,Let me see… \Do you happen to know about the Novice dungeon?,そうですね… \例えば初心者ダンジョンについて知っているのですか？,,,,,,
,,,10," @Target::Player::Target",네. 저같은 초보 모험가들이 가기 좋은 곳이죠.,Yes. It’s a good place for beginners like me.,はい。私のような初心者にとって良い場所です。,,,,,,
,,,11," @Target::RetiredHero::Target",그래그래. 그 초보자 던전말이지.,Yes- yes. That Novice dungeon.,そうそう、その初心者ダンジョンです。,,,,,,
,,,12,,내가 은퇴 후 육성하던 제자가 한 명 있는데 말이야.,I have a former apprentice who I trained after retirement.,引退後に育てていた弟子がいるのですが。,,,,,,
,,,13,,아직 초짜지만 그래도 내가 가르친 만큼 \그렇게 약한 건 아니란 말이지?,Although they’re still inexperienced- \they’re not as weak as you might think based on my training.,まだ初心者ですが、私が教えた分、\そんなに弱くはないはずです。,,,,,,
,,,14,,그런데 이 녀석이 초보자 던전에 가서 \큰 부상을 입고 돌아왔어.,But this person went to the Novice dungeon \and returned with severe injuries.,しかし、その弟子が初心者ダンジョンで重傷を負って帰ってきたのです。,,,,,,
,,,15,,분명 그 정도 던전은 손쉽게 \격파할 거라고 생각했는데 말이지.,I thought such a dungeon would be easily conquered.,そんなダンジョンは簡単に攻略できると思っていたのですが。,,,,,,
,,,16," @Target::Player::Target",정말요? 혹시 제자가 거짓말을 한건…,Really? Could it be that your apprentice is lying…,本当ですか？\もしかして弟子が嘘をついているのでは…,,,,,,
,,,17," @Target::RetiredHero::Target",그럴 리가 없잖나. 멍청해도 거짓말을 하는 놈은 아니야.,That can’t be. \Even if they’re foolish- they’re not a liar.,そんなわけがありません。\愚かでも嘘をつくようなことはありません。,,,,,,
,,,18," @Target::Player::Target",그렇지만 초보자 던전은 아주 쉬운 던전이 아닌가요?,But isn’t the Novice dungeon supposed to be very easy?,しかし初心者ダンジョンはとても簡単なダンジョンではないのですか？,,,,,,
,,,19," @Target::RetiredHero::Target",바로 그 점이 이상한 부분이지.,That’s precisely what’s strange.,その点がまさにおかしいのです。,,,,,,
,,,20,,제자 말로는 더 이상 초보자 수준의 \던전이 아닌 것 같다고 하더라고.,According to my apprentice- it seems like \it’s no longer a beginner’s dungeon.,弟子によれば、もはや初心者レベルのダンジョンではないようです。,,,,,,
,,,21,,그래서 내가 직접 확인해 보려고 준비 중인 걸세.,So- I’m preparing to check it out myself.,それで、私自身で確認しようと準備しているのです。,,,,,,
,,,22," @Target::Player::Target",그러시군요. \그렇지만 그런 건 길드에서 확인해 보면 되지 않나요?,I see. \But couldn’t you check that with the guild?,なるほど。ですが、\そういうことはギルドで確認すればいいのでは？,,,,,,
,,,23," @Target::RetiredHero::Target",안 그래도 물어본 참일세.,I did ask them about it.,実際に尋ねたのですが。,,,,,,
,,,24,,그런데 확실히 이상한 보고들이 들어왔다더군.,And indeed- strange reports came in.,そして、確かに奇妙な報告が届いたのです。,,,,,,
,,,25,,그래서 기왕 내가 직접 확인하고 알려주기로 했네.,So- I decided to check it out myself and let you know.,それで、自分で確認してお知らせしようと思ったのです。,,,,,,
,,,26," @Target::Player::Target",그러시군요…,I see…,そうですか…,,,,,,
,,,27,,혹시 던전에 가시는 날짜가 언제인가요?,When are you planning to go to the dungeon?,ちなみに、ダンジョンに行く予定の日にちはいつですか？,,,,,,
,,,28," @Target::RetiredHero::Target",음? 아마 10일에 가려고 하고 있네.,Hmm? I’m planning to go on the 10th.,うーん？おそらく10日に行こうと思っています。,,,,,,
,,,29,,그런데 그건 왜 묻는가?,Why do you ask?,それはどうして聞くのですか？,,,,,,
,,,30," @Target::Player::Target",아- 혹시 영웅분의 활약상을 조금이나마 볼 수 있을까 해서…,Ah- I was hoping to see a bit of the hero’s prowess…,ああ、 英雄の活躍を少しでも見たいと思いまして…,,,,,,
,,,31," @Target::RetiredHero::Target",하하- 자넨 역시 말을 잘하는구만.,Haha- You sure know how to talk.,はは、 あなたは本当に上手に話しますね。,,,,,,
,,,32,,그렇지만 도움은 필요 없다네. \오히려 방해만 되겠지.,But I don’t need any help. \It would only be a hindrance.,ですが、助けは必要ありません。\むしろ邪魔になるでしょう。,,,,,,
,,,33," @Target::Player::Target",알겠습니다. 그럼 감사했습니다.,Understood. Thank you.,わかりました。それではありがとうございました。,,,,,,
,,,34," @Target::RetiredHero::Target",그래- 들어가시게.,Alright- Take care.,では、 行ってきてください。,,,,,,
,,,35," @Target::Player::Target",(큰일 났는걸. 아무리 은퇴했다지만 한 때의 영웅),(This is serious. \Even though they’re retired- they were once a hero.),(これは大変だ。引退しても、かつての英雄なのに),,,,,,
,,,36,,(제대로 준비하지 않으면 던전을 격파당할지도 모르겠어),(If I don’t prepare properly- the dungeon might be conquered.),(しっかり準備しないと、ダンジョンが攻略されるかもしれない),,,,,,
,,,37,,(10일이라고 했지. 최대한 미리 대비해 보자),(They said the 10th. I should prepare as much as possible.),(10日と言っていたな。できるだけ早く準備しよう),,,,,,
